,frame_id,timer_sec,type,node_id,robot,x,y,z,length,width,height,heading_ang,heading_rad
0,13,1608793387.868103,VEHICLE,900,False,2038.8946784819866,41615.01150857852,-4.567662598098149,4.325800855778656,1.974266254362596,0.0,0,0
1,14,1608793388.468849,VEHICLE,900,False,2041.271228182701,41618.14410164341,-4.336850452680067,4.249130471004826,2.013077036959383,0.0,52.814135098614585,0.9217805490639246
2,15,1608793389.067836,VEHICLE,900,False,2043.460914267329,41620.843229437225,-4.272785026652612,4.38622154003579,1.9628260377797695,0.0,50.94906895432113,0.8892290040785281
3,16,1608793389.568987,VEHICLE,900,False,2045.5840048623947,41622.95538000628,-4.26665331756468,4.359159209550258,2.0151424003984575,0.0,44.85199994525297,0.7828150751489807
4,17,1608793390.166578,VEHICLE,900,False,2047.9113257501194,41625.82367775892,-4.3183058318912675,4.29613491851189,2.068597436354047,0.0,50.94431669253601,0.8891460614634612
5,18,1608793390.66892,VEHICLE,900,False,2049.7915056090574,41627.96133321656,-4.147449466546793,4.325377414560664,2.0175943154093328,0.0,48.66668104740507,0.8493938202951411
6,19,1608793391.265066,VEHICLE,900,False,2051.9698983162075,41630.436663956236,-4.270415851607286,4.287066010015805,2.088465500736261,0.0,48.65089672069122,0.8491183318237739
7,20,1608793391.766796,VEHICLE,900,False,2053.5112592147825,41632.541338681585,-4.460252403633051,4.245964301009315,2.038643047416424,0.0,53.782775402721384,0.9386865116381073
8,21,1608793392.368185,VEHICLE,900,False,2055.8136937613795,41635.171361653825,-4.248853107856576,4.52450962841236,2.136098081196142,0.0,48.79971039619145,0.8517156204332473
9,22,1608793392.965071,VEHICLE,900,False,2057.902048648841,41637.728015352666,-4.2859463102597815,4.770693038354404,2.250695235962759,0.0,50.75697295583302,0.8858762964250047
10,23,1608793393.465085,VEHICLE,900,False,2059.676040646254,41639.72212162952,-4.251574881868237,4.729378468360741,2.19207705620799,0.0,48.34314621599109,0.8437470722420823
11,24,1608793393.967496,VEHICLE,900,False,2061.3956014545697,41641.744930212466,-4.143649889019523,4.7812355794345605,2.138485822820713,0.0,49.632610295443634,0.8662524660147269
12,25,1608793394.566183,VEHICLE,900,False,2063.3784189330777,41644.215076620036,-4.0400146503392556,4.627348348764214,2.0783512200138166,0.0,51.24555080057264,0.8944035884680086
13,26,1608793395.06929,VEHICLE,900,False,2065.2861782957702,41646.35143352589,-4.071624327465882,4.573890516149647,2.0674276388608677,0.0,48.23525596641532,0.8418640321561868
14,27,1608793395.6661,VEHICLE,900,False,2066.9867499466427,41648.050355440115,-4.281430195741677,4.641347764721031,2.1253178321239505,0.0,44.97219499379389,0.7849128744906142
15,28,1608793396.168308,VEHICLE,900,False,2068.553873531098,41649.498347346365,-4.258719576623087,4.77123971969792,2.1164328272382122,0.0,42.73733586884452,0.7459072244420083
16,29,1608793396.765341,VEHICLE,901,False,2041.006333004754,41615.59271053646,-4.235738421039299,4.24821397785375,1.9652149994108137,0.0,0,0
17,30,1608793397.267882,VEHICLE,901,False,2043.2599294337754,41618.42995074962,-4.125040782190688,4.182600053617119,1.9564197803907928,0.0,51.54017459003633,0.8995457436488525
18,31,1608793397.866239,VEHICLE,901,False,2045.787632267033,41621.59593165563,-4.099777035816249,4.361899358932793,2.1234568779872993,0.0,51.396314107069166,0.8970349045575664
19,32,1608793398.368475,VEHICLE,901,False,2047.8332251552447,41624.29018774003,-4.158925590822072,4.267332887120323,2.086950479784549,0.0,52.792698475939204,0.9214064094177316
20,33,1608793398.967043,VEHICLE,901,False,2050.322272889904,41627.29262653357,-4.108622755239185,4.481219305375141,2.1240693625878424,0.0,50.340974655360164,0.8786157563990525
21,34,1608793399.468698,VEHICLE,901,False,2052.6473910237537,41630.119681299475,-4.116241201526224,4.244553129024977,2.141770006821024,0.0,50.56432816638768,0.8825140105623722
22,34,1608793399.468698,VEHICLE,906,False,2083.6576763911135,41668.121591428884,-4.077194042695361,4.320584822164955,1.9489338170093033,0.0,0,0
23,35,1608793400.066305,VEHICLE,901,False,2054.8209931819415,41633.126043791846,-4.08230353819073,4.24622948344452,2.0686834897112916,0.0,54.13304477864277,0.9447998655168414
24,35,1608793400.066305,VEHICLE,906,False,2083.0588192044243,41666.89434537231,-4.052579022769313,4.355044586678137,1.9873908376160099,0.0,-116.01090951663666,-2.0247723392985333
25,36,1608793400.569419,VEHICLE,901,False,2056.9945945976065,41635.52039141814,-4.138559100831021,4.299276320512015,2.1334043530742615,0.0,47.76666712984646,0.8336856141199706
26,36,1608793400.569419,VEHICLE,906,False,2082.1248576480434,41666.120734157514,-3.97838809385156,4.237142139775848,1.957693802470259,0.0,-140.36465235201192,-2.449825336959811
27,37,1608793401.165497,VEHICLE,901,False,2059.0252493932903,41638.05495909639,-4.130603107715718,4.523792529423812,2.2329882366055775,0.0,51.29885465897032,0.895333916301065
28,37,1608793401.165497,VEHICLE,906,False,2081.4576334167896,41665.20215123879,-3.8845511012422658,4.343822662392252,1.985998254597708,0.0,-125.99325014461272,-2.1989970503123137
29,38,1608793401.668454,VEHICLE,901,False,2060.7790298965724,41640.259356232666,-3.937557393211643,4.723036528354544,2.19238242093515,0.0,51.49484498840161,0.8987545928517093
30,38,1608793401.668454,VEHICLE,906,False,2080.9375322226415,41664.51772094539,-4.019399466280957,4.2618916099060895,1.9558889315699541,0.0,-127.23134070643107,-2.2206058070539103
31,39,1608793402.265323,VEHICLE,901,False,2062.7996099149277,41642.86477481721,-3.902428130540448,4.717512064701336,2.1736255110630913,0.0,52.205352268362404,0.9111552842464143
32,39,1608793402.265323,VEHICLE,906,False,2080.4874727397787,41663.93337789791,-4.012605331045001,4.349191625300181,1.9524469987403645,0.0,-127.60337004356508,-2.2270989439009106
33,40,1608793402.767543,VEHICLE,901,False,2064.287167116897,41644.846212564495,-3.889952843941262,4.859470012804964,2.0858793113015426,0.0,53.10274318572157,0.9268177104318241
34,40,1608793402.767543,VEHICLE,906,False,2080.1731661549184,41663.51417850827,-3.984636644617595,4.281687357581971,1.9555030913640539,0.0,-126.86176537120957,-2.214155500620133
35,41,1608793403.36709,VEHICLE,901,False,2066.37739309571,41647.12162601931,-4.087235305353545,4.653391182627925,2.1317581259352503,0.0,47.42899205622397,0.8277920722833437
36,41,1608793403.36709,VEHICLE,906,False,2079.780547560877,41663.13735510843,-4.002491271081619,4.160504319148552,1.939801135495442,0.0,-136.17600921299945,-2.3767197229929726
37,42,1608793403.867767,VEHICLE,901,False,2068.154464242788,41648.97762650721,-3.9089585287450146,4.7146251731273985,2.1210312076106024,0.0,46.24456858389463,0.8071199829532929
38,42,1608793403.867767,VEHICLE,906,False,2079.855806884242,41662.99479320994,-4.011369024908411,4.39047943163409,1.9626256151351984,0.0,-62.170144751399995,-1.0850737223534015
39,43,1608793404.36852,VEHICLE,901,False,2070.087128976253,41650.608526946235,-4.060006281100174,4.567473039090804,2.0874275398998456,0.0,40.15971523151321,0.7009192574532224
40,45,1608793405.569383,VEHICLE,907,False,2078.7708281148857,41662.20558876501,-3.8232372861278,4.239702941642267,1.916747446569594,0.0,0,0
41,46,1608793406.16862,VEHICLE,907,False,2078.4649592558453,41661.558939090035,-3.889019892074594,4.179568390417901,1.9404095977031637,0.0,-115.3144071999826,-2.0126160806251514
42,47,1608793406.768206,VEHICLE,907,False,2077.9340553259867,41660.935180369226,-4.017320333942771,4.3745952747976595,1.9954327134360674,0.0,-130.40232509683022,-2.2759499251957207
43,48,1608793407.268535,VEHICLE,907,False,2077.671078441103,41660.25658943237,-3.9943498819505585,4.491822646416492,2.0590223702290373,0.0,-111.18303034879538,-1.940509951931259
44,49,1608793407.867817,VEHICLE,907,False,2076.6952964733546,41659.00394580056,-4.098189679723633,4.368694401360214,2.0271047495083785,0.0,-127.91781017457413,-2.232586959487421
45,50,1608793408.368653,VEHICLE,907,False,2075.9371827608375,41657.8728947969,-4.103700641220166,4.097276092956461,1.9674149736969633,0.0,-123.83290613119735,-2.161291934302467
46,58,1608793412.769074,VEHICLE,913,False,2066.3816333209693,41648.19564641944,-4.025951957313172,4.751680085568059,2.12661040797619,0.0,0,0
47,59,1608793413.366421,VEHICLE,913,False,2064.769628796368,41646.6494354729,-3.937927288844121,4.597659186873022,2.043566713324407,0.0,-136.19344268219058,-2.377023994430403
48,60,1608793413.866487,VEHICLE,913,False,2063.5001922916545,41645.476611747465,-4.082598275609187,4.664256227289012,2.053323694474375,0.0,-137.26536863049466,-2.395732631565872
49,62,1608793414.868854,VEHICLE,914,False,2061.246780579806,41643.06629617534,-3.97376447645133,4.759002408060583,2.1245990417289016,0.0,0,0
50,63,1608793415.468815,VEHICLE,914,False,2059.9022080858826,41641.691472391765,-4.019591238576252,4.576961063471475,2.1017659389094283,0.0,-134.36265275329973,-2.3450706822589047
51,64,1608793416.06879,VEHICLE,914,False,2058.501208721329,41640.256526790436,-4.2487719859177036,4.435403222858086,2.117865027328289,0.0,-134.3142027660997,-2.3442250704597147
52,65,1608793416.668542,VEHICLE,914,False,2057.007895214345,41638.7189426484,-4.257549625917395,4.57605119791068,2.160561559828941,0.0,-134.16317194624997,-2.341589085381351
53,66,1608793417.268075,VEHICLE,914,False,2055.738874393086,41637.266932574006,-4.183126621306017,4.363285070426859,2.062921354498941,0.0,-131.15265337075084,-2.2890456240464414
54,67,1608793417.867323,VEHICLE,914,False,2054.450633360748,41635.83222964804,-4.284921807093299,4.199161506562267,2.011330562276357,0.0,-131.9211376624736,-2.30245820518686
55,70,1608793419.467404,VEHICLE,919,False,2040.6964196540846,41615.366441659986,-4.467279276854503,4.318477202481396,1.9861174943007638,0.0,0,0
56,71,1608793420.116159,VEHICLE,919,False,2043.6475472281231,41618.330075354126,-4.278476895986599,4.253260649686477,1.9287610027184698,0.0,45.12114552043896,0.7875125516031501
57,72,1608793420.665591,VEHICLE,919,False,2045.9267559834132,41621.08779341116,-4.297623463918341,4.2174730846413855,1.9699088013403399,0.0,50.42682664191313,0.8801141562337798
58,73,1608793421.166646,VEHICLE,919,False,2047.3696306206323,41622.7761137078,-4.371113114457356,4.313778324032813,2.0144024336576214,0.0,49.48209159042445,0.8636254190263042
59,74,1608793421.667431,VEHICLE,919,False,2048.965748698618,41624.594562305916,-4.303551881990815,4.294987132369051,2.0293571046080285,0.0,48.72540502086551,0.8504187469818795
60,75,1608793422.168948,VEHICLE,919,False,2050.058529935615,41625.76737059219,-4.295666656232777,4.24555805606226,2.0792961919595836,0.0,47.023008385139654,0.8207063205135888
61,76,1608793422.769832,VEHICLE,919,False,2051.1194195946255,41627.226003497024,-4.268022946056522,4.363803474744765,2.0632032776894564,0.0,53.97093799130526,0.9419705683379715
62,77,1608793423.368185,VEHICLE,919,False,2052.178316751706,41628.354774725485,-4.291131764215818,4.330091780367908,2.1144325982473533,0.0,46.82940378174192,0.8173272827372805
63,78,1608793423.96847,VEHICLE,919,False,2053.2266516862483,41629.696790683935,-4.33408766395344,4.35493036318831,2.057241763923942,0.0,52.004317451493236,0.9076465647809034
64,79,1608793424.565794,VEHICLE,919,False,2054.0586069248866,41630.86764162939,-4.203734202407626,4.363814865403985,2.0341154186190713,0.0,54.60407155598634,0.9530208336465448
65,79,1608793424.565794,VEHICLE,925,False,2053.9258001015,41631.07699882013,-4.232745802953387,4.460968809700637,2.080065292472823,0.0,0,0
66,79,1608793424.565794,VEHICLE,926,False,2053.9258001015,41631.07699882013,-4.232745802953387,4.460968809700637,2.080065292472823,0.0,0,0
67,80,1608793425.067494,VEHICLE,926,False,2054.8310869878055,41632.33635512482,-4.323190356716397,4.435716478664743,2.104784619289169,0.0,54.289572666454085,0.947531792530341
68,81,1608793425.568237,VEHICLE,926,False,2055.9175427321416,41633.68973034801,-4.2764931808608555,4.34961051005167,2.084750582731564,0.0,51.24337554376148,0.8943656230745775
69,81,1608793425.568237,VEHICLE,931,False,2069.3288329564016,41653.28710367384,-3.300910219541692,0.6292771016015932,0.562564771703577,0.0,0,0
70,81,1608793425.568237,VEHICLE,932,False,2055.894441001746,41633.66903776599,-4.273101355372736,4.3009089773458085,2.073135342881759,0.0,0,0
71,81,1608793425.568237,VEHICLE,933,False,2055.9017132242143,41633.67736145175,-4.272948777611111,4.301505970522787,2.0715833924996954,0.0,0,0
72,82,1608793426.167517,VEHICLE,926,False,2057.1755992467715,41635.7488118308,-4.256017268538796,4.73561075554614,2.1453534489038355,0.0,58.57592627818498,1.0223427759597958
73,83,1608793426.669867,VEHICLE,938,False,2058.3768780438495,41637.56065726456,-4.2734677817120055,4.725821509989197,2.1945879727964366,0.0,0,0
74,84,1608793427.266741,VEHICLE,938,False,2060.037115347791,41640.0510827312,-4.238979025083587,4.8493491015137336,2.1916780951335144,0.0,56.310670569502996,0.9828066054436977
75,84,1608793427.266741,VEHICLE,939,False,2060.0415950136367,41640.06082200201,-4.238798921269968,4.849044084371569,2.193671353666563,0.0,0,0
76,85,1608793427.768273,VEHICLE,938,False,2061.232592563598,41641.70054151878,-4.199001219212157,4.720282210023214,2.126659882306618,0.0,54.06655031239912,0.9436393181465335
77,85,1608793427.768273,VEHICLE,942,False,2061.2406826928373,41641.711129972944,-4.200839028457371,4.720282417315585,2.122163542158376,0.0,0,0
78,86,1608793428.368227,VEHICLE,938,False,2063.1418803126016,41644.27332568587,-4.08800474961299,4.563071709581994,2.0762060559153137,0.0,53.420536445963926,0.9323642491637004
79,86,1608793428.368227,VEHICLE,943,False,2063.1083777022727,41644.22649818444,-4.088865140005591,4.563072063920659,2.0766091098619306,0.0,0,0
80,87,1608793428.968331,VEHICLE,938,False,2065.2093007162675,41646.71511944386,-4.1493651914498875,4.522522049575008,2.09068052710951,0.0,49.74604449204222,0.8682322662297269
81,88,1608793429.468795,VEHICLE,938,False,2067.1754692604727,41648.950092884865,-4.218816893194525,4.620320271955605,2.075317203041872,0.0,48.66100937971387,0.8492948310198506
82,88,1608793429.468795,VEHICLE,948,False,2066.947379921757,41648.68291228474,-4.235089409410987,4.631168893082772,2.0751922256537516,0.0,0,0
83,89,1608793429.970146,VEHICLE,938,False,2069.379821359086,41650.86473537752,-4.27218795421396,4.424052533684531,2.0077289149033697,0.0,40.976725331925834,0.7151787737274721
84,93,1608793432.168448,VEHICLE,951,False,2079.4030464168613,41660.05270323248,-4.122496423137154,4.320884225132082,1.939234736142265,0.0,0,0
85,96,1608793433.867978,VEHICLE,962,False,2085.8928561800767,41666.449590386874,-3.7430141533149137,0.9846942118989478,0.5721227481431967,0.0,0,0
86,96,1608793433.867978,VEHICLE,963,False,2085.9518295106923,41666.50899872755,-3.755627884410682,0.988179482937402,0.5742834550873974,0.0,0,0
87,105,1608793439.167106,VEHICLE,964,False,2067.513121066671,41650.29439384061,-3.975859467392254,4.621217427482877,2.027836482035377,0.0,0,0
88,105,1608793439.167106,VEHICLE,966,False,2067.5463821759186,41650.30237402224,-3.972741960296346,4.621217189447284,2.027836482035377,0.0,0,0
89,107,1608793440.367039,VEHICLE,969,False,2065.750356573104,41648.8758647942,-4.0706543694173,4.681799927941349,2.027155848227159,0.0,0,0
90,107,1608793440.367039,VEHICLE,970,False,2065.7481605027046,41648.87622602834,-4.071031711851335,4.681799927941349,2.0271560848058616,0.0,0,0
91,108,1608793440.869319,VEHICLE,969,False,2064.987319801773,41648.42015877351,-4.000425447908335,4.746878048414424,2.036045669674152,0.0,-149.15321862235163,-2.603214754906957
92,108,1608793440.869319,VEHICLE,970,False,2064.989279083831,41648.48777620859,-4.020269867203365,4.7096845104276115,2.007756142016601,0.0,-152.89338424587376,-2.668492959607325
93,116,1608793445.566397,VEHICLE,973,False,2051.1265075593706,41626.456229220326,-4.406889944364339,4.313511071646411,2.064496698741268,0.0,0,0
94,116,1608793445.566397,VEHICLE,974,False,2051.1265075593706,41626.456229220326,-4.406889944364339,4.313511071646411,2.064496698741268,0.0,0,0
95,117,1608793446.067162,VEHICLE,975,False,2052.6588294760836,41628.87743243414,-4.37122394417619,4.426327230917799,2.0733321799756816,0.0,0,0
96,117,1608793446.067162,VEHICLE,976,False,2052.68287571794,41628.95440186998,-4.36955750437475,4.426327276137569,2.072986913009309,0.0,0,0
97,118,1608793446.568533,VEHICLE,976,False,2054.4882079915474,41631.324267372125,-4.393704785355324,4.4099737198031335,2.0611992852622874,0.0,52.70032803608107,0.9197942411106916
98,118,1608793446.568533,VEHICLE,978,False,2054.50412997008,41631.315722165484,-4.393264349430526,4.409464106396079,2.063613917948403,0.0,0,0
99,119,1608793447.166615,VEHICLE,976,False,2056.4063342250756,41634.23947813385,-4.3025557673902215,4.386762509796572,2.0990078452211804,0.0,56.65621443810241,0.9888374836608361
100,120,1608793447.666755,VEHICLE,976,False,2058.167846719932,41636.53634510237,-4.357664449007694,4.520654723983406,2.1691702944896196,0.0,52.51469121196836,0.9165542673169793
101,121,1608793448.168897,VEHICLE,976,False,2059.7819974026925,41638.84593709651,-4.371224792722008,4.605417115924475,2.177746457677342,0.0,55.05068659695359,0.9608157366003527
102,121,1608793448.168897,VEHICLE,985,False,2059.7847595608973,41638.84079950079,-4.371341224555195,4.6030545423716696,2.1802343659035226,0.0,0,0
103,122,1608793448.670548,VEHICLE,976,False,2061.6600747971565,41641.01960635813,-4.199283311587196,4.625905559222848,2.101390473580563,0.0,49.17257468034574,0.8582233298548314
104,122,1608793448.670548,VEHICLE,988,False,2061.6174589513876,41640.96263197859,-4.1925234697696965,4.619878364771488,2.101390473580563,0.0,0,0
105,123,1608793449.267268,VEHICLE,976,False,2064.070129537627,41643.98132383154,-4.1804664324913166,4.566803178332849,2.000206631702858,0.0,50.863525901865515,0.8877359961609714
106,124,1608793449.767473,VEHICLE,976,False,2066.271630999122,41646.511126783,-4.303021865370085,4.641005665081789,2.097682584901026,0.0,48.96934659131536,0.8546763305687151
107,124,1608793449.767473,VEHICLE,991,False,2066.2268384219,41646.467790960145,-4.305676358683834,4.641005724549542,2.0976824700332695,0.0,0,0
108,125,1608793450.367946,VEHICLE,976,False,2069.066320437925,41649.58577611038,-4.283739890549775,4.500230843950774,2.0116053049853924,0.0,47.730864976941454,0.8330607486724757
109,129,1608793452.567684,VEHICLE,993,False,2080.2611016326796,41661.34245406745,-4.097673554440298,4.284336183701285,1.9390577370016502,0.0,0,0
110,129,1608793452.567684,VEHICLE,995,False,2080.120420125327,41661.18991815255,-4.112623022388039,4.3811367999388535,1.974569071590683,0.0,0,0
111,129,1608793452.567684,VEHICLE,996,False,2080.2416189922205,41661.384832716045,-4.087793666786247,4.284334300166688,1.939057436792885,0.0,0,0
112,129,1608793452.567684,VEHICLE,997,False,2080.2416189922205,41661.384832716045,-4.087793666786247,4.284334300166688,1.939057436792885,0.0,0,0
113,129,1608793452.567684,VEHICLE,998,False,2080.253954428594,41661.39639166266,-4.0875516258724325,4.283152786031007,1.9402681118985554,0.0,0,0
114,130,1608793453.117301,VEHICLE,993,False,2083.0073616163863,41664.27600052013,-4.108280900458356,4.220309894563353,1.9282566345887535,0.0,46.88859211095809,0.8183603139608571
115,131,1608793453.668198,VEHICLE,993,False,2086.417622268321,41667.300098676125,-4.0270840537162735,4.323853271354324,1.9214502206936608,0.0,41.56547378253389,0.725454372656598
116,143,1608793460.268403,VEHICLE,1033,False,2058.8885284595144,41640.27345159222,-4.199110184827349,4.809470265624457,2.0932043457489464,0.0,0,0
117,144,1608793460.867539,VEHICLE,1034,False,2057.8237190152477,41638.92147184221,-4.214410456760593,4.683571952817897,2.111320854171148,0.0,0,0
118,144,1608793460.867539,VEHICLE,1039,False,2057.8595493605744,41638.94752840828,-4.160704142059565,4.578235199259779,2.0972656886584056,0.0,0,0
119,144,1608793460.867539,VEHICLE,1040,False,2057.8493878018685,41638.93096467358,-4.1611118542498,4.582196288755199,2.0998743587824897,0.0,0,0
120,144,1608793460.867539,VEHICLE,1041,False,2057.804909779485,41638.8717069792,-4.16131269153139,4.582196288755199,2.0998743587824897,0.0,0,0
121,145,1608793461.466942,VEHICLE,1034,False,2056.8944496562526,41637.783062591625,-4.08985784203036,4.493011528324333,2.078569623211954,0.0,-129.2243356343231,-2.255390130521173
122,145,1608793461.466942,VEHICLE,1044,False,2056.909826072638,41637.81040047326,-4.089211534111737,4.499167738856947,2.0781842588441686,0.0,0,0
123,145,1608793461.466942,VEHICLE,1045,False,2056.834513661982,41637.725756424006,-4.093639667545535,4.493842112253178,2.0773142969303318,0.0,0,0
124,146,1608793462.066914,VEHICLE,1034,False,2055.7821339315988,41636.4815961801,-4.142113481476176,4.570898308603061,2.1015661244603066,0.0,-130.51929984962422,-2.2779915197736824
125,147,1608793462.669868,VEHICLE,1034,False,2054.731037955732,41635.304777816935,-4.049702412343757,4.536560954577352,2.0808803744808513,0.0,-131.7701942161287,-2.299823745063834
126,147,1608793462.669868,VEHICLE,1059,False,2054.8092629625394,41635.43090503831,-4.057905031207531,4.39404515419397,2.0620452257331348,0.0,0,0
127,147,1608793462.669868,VEHICLE,1060,False,2054.6435022887795,41635.207280809314,-4.046604043257546,4.540484334308742,2.0823047136956934,0.0,0,0
128,147,1608793462.669868,VEHICLE,1061,False,2054.6435022887795,41635.207280809314,-4.046604043257546,4.540484334308742,2.0823047136956934,0.0,0,0
129,148,1608793463.266825,VEHICLE,1064,False,2053.8115778647325,41634.29550348151,-4.089386638049913,4.53446298644217,2.096183190785874,0.0,0,0
130,149,1608793463.769036,VEHICLE,1064,False,2052.9117947083064,41633.23101308535,-4.096100943878926,4.619372291338726,2.1128192928254292,0.0,-130.20687683946008,-2.2725387095873266
131,150,1608793464.369704,VEHICLE,1069,False,2051.898959152883,41632.08030815391,-4.101995726873661,4.493853207117499,2.0865016919521384,0.0,0,0
132,151,1608793464.968212,VEHICLE,1078,False,2050.8564485416673,41630.83889199701,-4.159537647332671,4.523843966637722,2.096054179235551,0.0,0,0
133,152,1608793465.567146,VEHICLE,1078,False,2049.7466734684767,41629.55081803972,-4.2158799162507,4.582958703122634,2.081638066579367,0.0,-130.74743544622882,-2.281973237075434
134,153,1608793466.069058,VEHICLE,1089,False,2048.7655488350415,41628.393103266775,-4.311079493568687,4.638457333070806,2.0960544315358103,0.0,0,0
135,154,1608793466.668249,VEHICLE,1089,False,2047.7205687220533,41627.252130196706,-4.26619471530781,4.636476310806556,2.127615811194858,0.0,-132.48555456831,-2.312309138547624
136,154,1608793466.668249,VEHICLE,1099,False,2047.631466734525,41627.16410326,-4.306057017680578,4.655740568767365,2.121268274825625,0.0,0,0
137,154,1608793466.668249,VEHICLE,1100,False,2047.6193061639535,41627.14384997968,-4.25832252772927,4.6364654264576695,2.1301350761782323,0.0,0,0
138,154,1608793466.668249,VEHICLE,1101,False,2047.5398111130376,41627.02911069745,-4.268723649844224,4.6364654264576695,2.1301350761782323,0.0,0,0
139,155,1608793467.169,VEHICLE,1101,False,2046.8055921348234,41626.16274156462,-4.243601761872577,4.627276117544925,2.1171409182490155,0.0,-130.28016516547467,-2.273817832179556
140,156,1608793467.670135,VEHICLE,1101,False,2045.9118887592085,41625.09764734463,-4.26857706854633,4.62266783724416,2.083651595795319,0.0,-129.99946992573885,-2.2689187760514913
141,157,1608793468.266809,VEHICLE,1109,False,2044.8385635517996,41623.83383361903,-4.215863847015141,4.569570682080975,2.084103560540274,0.0,0,0
142,158,1608793468.866925,VEHICLE,1109,False,2043.7848178824959,41622.59440773464,-4.257776417195362,4.587713739676832,2.0947117863044804,0.0,-130.3708070545898,-2.2753998315848425
143,158,1608793468.866925,VEHICLE,1110,False,2043.783963700918,41622.5944067194,-4.257755384161634,4.5877132631137005,2.094901147152706,0.0,0,0
144,158,1608793468.866925,VEHICLE,1112,False,2043.8004364850653,41622.613942313146,-4.2575470039813395,4.587714200076518,2.0947122628723336,0.0,0,0
145,158,1608793468.866925,VEHICLE,1113,False,2043.732705045551,41622.52620120998,-4.253010125156116,4.587714200076518,2.0947122628723336,0.0,0,0
146,159,1608793469.369912,VEHICLE,1110,False,2042.9399272466403,41621.6102687033,-4.18838563106717,4.691249565918611,2.1172892925052484,0.0,-130.617721849004,-2.2797093077192554
147,160,1608793469.870722,VEHICLE,1110,False,2042.0964425489817,41620.56320892512,-4.222690166889137,4.525686175221183,2.0708695341349825,0.0,-128.8540339458458,-2.24892714683155
148,160,1608793469.870722,VEHICLE,1116,False,2042.0895305392005,41620.55454280206,-4.222762679313833,4.522976335852383,2.0697977043666858,0.0,0,0
149,161,1608793470.469965,VEHICLE,1117,False,2041.157118690033,41619.422943712285,-4.2913701623097795,4.595980578353871,2.0809809864303475,0.0,0,0
150,161,1608793470.469965,VEHICLE,1119,False,2041.1593177756872,41619.42684919181,-4.291327205026462,4.595979653757453,2.0859759510980673,0.0,0,0
151,161,1608793470.469965,VEHICLE,1121,False,2041.0570782445743,41619.30683617613,-4.255716490327588,4.546975035956604,2.0885411440414727,0.0,0,0
152,162,1608793471.0669,VEHICLE,1119,False,2040.2508676954544,41618.38482803495,-4.230537646984652,4.552805321708374,2.0731221063168634,0.0,-131.08241904536942,-2.287819803820619
153,162,1608793471.0669,VEHICLE,1122,False,2020.0478462755962,41595.33283367345,-3.966775531666625,1.2222068324218185,0.6657137359857322,0.0,0,0
154,162,1608793471.0669,VEHICLE,1123,False,2040.078831934156,41618.20471379276,-4.241889515192199,4.554948092295306,2.0728397080369847,0.0,0,0
155,163,1608793471.569338,VEHICLE,1119,False,2039.5260103832795,41617.53481794964,-4.247338299626482,4.63259176702611,2.092746204510714,0.0,-130.45632375915534,-2.2768923796449667
156,163,1608793471.569338,VEHICLE,1126,False,2018.5654238954855,41594.32362392129,-4.671596974009383,4.1966755228994606,1.9936327370538578,0.0,0,0
157,164,1608793472.072474,VEHICLE,1119,False,2038.793500350089,41616.69681322568,-4.288521358674519,4.591296085042892,2.0744104752732118,0.0,-131.15709811078534,-2.2891231993944388
158,164,1608793472.072474,VEHICLE,1128,False,2018.6793393270805,41594.39894691723,-4.353825463036567,4.217002552182036,2.0266774773272913,0.0,0,0
159,165,1608793472.616971,VEHICLE,1132,False,2018.598135403161,41594.03263532987,-4.363330606009317,4.2039175530849215,2.022002387755904,0.0,0,0
160,165,1608793472.616971,VEHICLE,1134,False,2037.737072948863,41615.46374609884,-4.286444583477332,4.55247286844945,2.092698074673986,0.0,0,0
161,165,1608793472.616971,VEHICLE,1135,False,2037.7609514468068,41615.467364532684,-4.276552899602496,4.615270246423638,2.0794131386025176,0.0,0,0
162,165,1608793472.616971,VEHICLE,1136,False,2018.5018007368305,41594.13495024759,-4.366998602521044,4.17421893739932,1.988940573980238,0.0,0,0
163,165,1608793472.616971,VEHICLE,1145,False,2037.7593866841457,41615.46441251187,-4.276585557580588,4.614014852569256,2.0790278891573295,0.0,0,0
164,165,1608793472.616971,VEHICLE,1146,False,2018.5004232442616,41594.161033575976,-4.366236094572329,4.174355683543888,1.9929350730271886,0.0,0,0
165,165,1608793472.616971,VEHICLE,1147,False,2037.7593866841457,41615.46441251187,-4.276585557580588,4.614014852569256,2.0790278891573295,0.0,0,0
166,165,1608793472.616971,VEHICLE,1148,False,2018.4167217346087,41594.07556646575,-4.37539461821166,4.174355683543888,1.9929350730271886,0.0,0,0
167,166,1608793473.168041,VEHICLE,1147,False,2037.2792794823558,41614.88365020649,-4.308653276090576,4.532827822530263,2.0812837651590645,0.0,-129.58001202644263,-2.2615978546352733
168,166,1608793473.168041,VEHICLE,1148,False,2018.6344270992329,41594.07670971268,-4.33760736476411,4.148359666874789,2.0393636836807563,0.0,0.3008773908340249,0.005251301114863543
169,166,1608793473.168041,VEHICLE,1149,False,2037.2290210995532,41614.82667202517,-4.30946158171925,4.642856905695979,2.1134898891591,0.0,0,0
170,166,1608793473.168041,VEHICLE,1150,False,2018.5844036989156,41594.01967042442,-4.275943505788976,4.296660816822871,2.0562099270081604,0.0,0,0
171,166,1608793473.168041,VEHICLE,1151,False,2037.1642091222668,41614.73762766787,-4.298890892903014,4.642856905695979,2.1134898891591,0.0,0,0
172,166,1608793473.168041,VEHICLE,1152,False,2018.4995242646671,41593.93284622359,-4.272663464569162,4.296660816822871,2.0562099270081604,0.0,0,0
173,166,1608793473.168041,VEHICLE,1153,False,2037.0761317360193,41614.6536689247,-4.297360390967816,4.642856905695979,2.1134898891591,0.0,0,0
174,166,1608793473.168041,VEHICLE,1154,False,2018.4995242646671,41593.93284622359,-4.272663464569162,4.296660816822871,2.0562099270081604,0.0,0,0
175,166,1608793473.168041,VEHICLE,1155,False,2037.0761317360193,41614.6536689247,-4.297360390967816,4.642856905695979,2.1134898891591,0.0,0,0
176,166,1608793473.168041,VEHICLE,1156,False,2018.4995242646671,41593.93284622359,-4.272663464569162,4.296660816822871,2.0562099270081604,0.0,0,0
177,166,1608793473.168041,VEHICLE,1157,False,2037.1272217584713,41614.714271701116,-4.2965211429229635,4.5328190121849,2.078994883333321,0.0,0,0
178,166,1608793473.168041,VEHICLE,1158,False,2018.4992018118887,41593.82075785837,-4.317413925061534,4.148943944956849,2.041193691396248,0.0,0,0
179,167,1608793473.668717,VEHICLE,1149,False,2036.6294349311972,41614.15652695767,-4.308539891142091,4.611233328997155,2.0585219264461845,0.0,-131.81934777395722,-2.3006816364870115
180,167,1608793473.668717,VEHICLE,1156,False,2018.7766979915255,41594.11923091031,-4.3736437660862375,4.095901839315539,1.9861438571846994,0.0,33.91874722434155,0.5919938172164478
181,168,1608793474.267009,VEHICLE,1149,False,2035.757972273065,41613.19387570216,-4.317626040405541,4.594799080915085,2.0786207258002043,0.0,-132.15370832123193,-2.3065173289257253
182,168,1608793474.267009,VEHICLE,1156,False,2018.6493549961344,41594.200860229714,-4.3853281965524955,4.158362251514382,2.0102319533502375,0.0,147.33934426035373,2.571556675072582
183,169,1608793474.770978,VEHICLE,1149,False,2035.0827580263388,41612.42810978236,-4.320964581849637,4.619488015055915,2.1034428138156676,0.0,-131.4042422841322,-2.293436678946461
184,169,1608793474.770978,VEHICLE,1185,False,2018.6836836512537,41594.15326398537,-4.3570919143762925,4.149310394959442,2.048804662327706,0.0,0,0
185,170,1608793475.319399,VEHICLE,1195,False,2018.7146347427818,41594.19815934059,-4.365330049414199,4.1106028320433765,2.0033435758946365,0.0,0,0
186,170,1608793475.319399,VEHICLE,1200,False,2034.1602583976724,41611.38733528636,-4.365247572408026,4.632557059189214,2.103652378735619,0.0,0,0
187,170,1608793475.319399,VEHICLE,1202,False,2034.0976755617912,41611.29229576803,-4.3652670938968,4.632557059189214,2.103652378735619,0.0,0,0
188,170,1608793475.319399,VEHICLE,1203,False,2018.6628602916414,41594.114893225575,-4.3732491946609215,4.11060093539677,2.0087729423528464,0.0,0,0
189,171,1608793475.86787,VEHICLE,1212,False,2018.7303747891365,41594.20379554391,-4.459924421123045,4.0005152239719255,2.0090798599064277,0.0,0,0
190,171,1608793475.86787,VEHICLE,1213,False,2033.4916568951753,41610.59201740438,-4.374400865427091,4.624777121008335,2.096494166570416,0.0,0,0
191,171,1608793475.86787,VEHICLE,1218,False,2033.3988269486942,41610.48759298503,-4.374654111840232,4.6235225706958385,2.099353025146981,0.0,0,0
192,171,1608793475.86787,VEHICLE,1219,False,2018.6487719077286,41594.15306115763,-4.46657478482196,3.999334574855176,2.008284990768834,0.0,0,0
193,172,1608793476.367904,VEHICLE,1227,False,2032.8150862588147,41609.83689549627,-4.346724590725297,4.643495791545979,2.1024198964778886,0.0,0,0
194,172,1608793476.367904,VEHICLE,1230,False,2018.7988331513855,41594.395585060534,-4.3782990941721485,4.015115963950796,2.0122174667228983,0.0,0,0
195,173,1608793476.86955,VEHICLE,1236,False,2032.1037216339344,41609.05758922555,-4.348065791701492,4.603036144846267,2.0982722726114065,0.0,0,0
196,173,1608793476.86955,VEHICLE,1239,False,2018.8352781317287,41594.1024655841,-4.43221858388762,4.080684438158155,2.0694168940229676,0.0,0,0
197,174,1608793477.470594,VEHICLE,1236,False,2031.2600614273115,41608.033360745256,-4.372230234005576,4.750512961227273,2.1335230726785808,0.0,-129.47839034344196,-2.2598242216754936
198,174,1608793477.470594,VEHICLE,1243,False,2018.6900730105497,41594.0103692817,-4.393958333901534,4.096906041324898,2.033936374172107,0.0,0,0
199,174,1608793477.470594,VEHICLE,1244,False,2031.184482284751,41607.95254102736,-4.3717330063014925,4.750513453226786,2.1335225960506423,0.0,0,0
200,174,1608793477.470594,VEHICLE,1245,False,2018.5949267734818,41594.13334586316,-4.396243519416194,4.081163541109617,2.046485982826875,0.0,0,0
201,174,1608793477.470594,VEHICLE,1246,False,2031.1559096813512,41607.94995499703,-4.389899144992583,4.75192489175268,2.1178648662399113,0.0,0,0
202,174,1608793477.470594,VEHICLE,1247,False,2018.753146052809,41594.06427751043,-4.464665061485311,4.183115007032609,2.0833328832817397,0.0,0,0
203,174,1608793477.470594,VEHICLE,1248,False,2031.1985647439046,41607.99600717986,-4.354596113985161,4.64421960579627,2.107047209135869,0.0,0,0
204,174,1608793477.470594,VEHICLE,1249,False,2018.5949267734818,41594.13334586316,-4.396243519416194,4.081163541109617,2.046485982826875,0.0,0,0
205,174,1608793477.470594,VEHICLE,1250,False,2031.1009289975602,41607.893313658125,-4.389365091561176,4.75192489175268,2.1178648662399113,0.0,0,0
206,174,1608793477.470594,VEHICLE,1251,False,2018.694106294817,41594.011230233504,-4.4578124746871834,4.183115007032609,2.0833328832817397,0.0,0,0
207,175,1608793478.070289,VEHICLE,1250,False,2030.531128080028,41607.18778304514,-4.39103064074477,4.6946765346678525,2.0868881426763286,0.0,-128.92505018939477,-2.2501666141038776
208,175,1608793478.070289,VEHICLE,1254,False,2018.841282212522,41594.123175949826,-4.453453914893233,4.179767536204151,2.070639243269449,0.0,0,0
209,176,1608793478.570508,VEHICLE,1250,False,2029.8574531680329,41606.40436984297,-4.375206992583837,4.56739734664871,2.0983203911795423,0.0,-130.69298985124232,-2.2810229821797123
210,176,1608793478.570508,VEHICLE,1266,False,2018.809678873572,41594.095753748305,-4.445246504947088,4.313100885202416,2.067255087069205,0.0,0,0
211,177,1608793479.11951,VEHICLE,1250,False,2029.049620807513,41605.2800048213,-4.494666206529789,4.695969866670479,2.1126264289532335,0.0,-125.69644201648069,-2.1938167712297285
212,177,1608793479.11951,VEHICLE,1284,False,2018.7843092188712,41594.1119319256,-4.434174937896455,4.272340541673389,2.045790600104939,0.0,0,0
213,177,1608793479.11951,VEHICLE,1288,False,2028.9898150956199,41605.210639841855,-4.496396821323087,4.696792244745811,2.1102406918024794,0.0,0,0
214,177,1608793479.11951,VEHICLE,1289,False,2018.7931807225889,41594.1290136681,-4.434011199362125,4.275811944890498,2.045270047030037,0.0,0,0
215,178,1608793479.670333,VEHICLE,1250,False,2028.3858079511183,41604.40864414222,-4.424514073479705,4.641231966977846,2.096651841383306,0.0,-127.30057847433683,-2.2218142340705973
216,178,1608793479.670333,VEHICLE,1295,False,2018.7168545003296,41594.17559286599,-4.378287453270995,4.130181269259537,2.0513588775268694,0.0,0,0
217,179,1608793480.217247,VEHICLE,1250,False,2027.7651440528084,41603.42808976354,-4.370915857081803,4.566905187456157,2.1232168334041273,0.0,-122.3326830725669,-2.1351081024150256
218,179,1608793480.217247,VEHICLE,1297,False,2018.8182128553196,41594.01885833328,-4.5190383331691795,4.229352243501704,2.0329704560153132,0.0,0,0
219,180,1608793480.767979,VEHICLE,1306,False,2018.8318496648374,41594.206033721726,-4.364142707120182,4.126397024674358,2.0303971698082712,0.0,0,0
220,180,1608793480.767979,VEHICLE,1307,False,2027.4387024666103,41602.448717758736,-4.423125635019515,4.68390846892503,2.1294028874754325,0.0,0,0
221,181,1608793481.370358,VEHICLE,1312,False,2018.728594566522,41594.12912198156,-4.2183899587766325,4.214432353416546,1.9986472189079059,0.0,0,0
222,181,1608793481.370358,VEHICLE,1313,False,2027.0730917106296,41601.072764967896,-4.497259302047424,4.794107214488177,2.136754347739511,0.0,0,0
223,182,1608793481.920363,VEHICLE,1312,False,2018.8340516758308,41594.06629652805,-4.218382479367284,4.109849578785584,1.92466061080868,0.0,-30.784123101420587,-0.5372843054590375
224,182,1608793481.920363,VEHICLE,1313,False,2026.6583749034876,41599.93736463478,-4.414940456754843,4.624914620901036,2.131309733497055,0.0,-110.06524806399615,-1.9210009707410474
225,183,1608793482.517433,VEHICLE,1318,False,2026.3433735193307,41598.60012627978,-4.458209093604111,4.628954598361237,2.082248402380465,0.0,0,0
226,183,1608793482.517433,VEHICLE,1325,False,2019.0652591588414,41594.3509594068,-4.122781604638707,4.004554704054216,1.8801262308664877,0.0,0,0
227,184,1608793483.168606,VEHICLE,1318,False,2025.738645661095,41597.43650256203,-4.468292792386537,4.5465669887473945,2.105053884052178,0.0,-117.4606133743051,-2.0500744447937107
228,184,1608793483.168606,VEHICLE,1331,False,2018.8903999566521,41594.11888085371,-4.212221899356364,3.9907794492917277,1.960951242667939,0.0,0,0
229,185,1608793483.771311,VEHICLE,1340,False,2018.8256236974626,41594.18948225001,-4.310396888423545,4.15668655093537,2.018682993725948,0.0,0,0
230,185,1608793483.771311,VEHICLE,1344,False,2024.8508474670175,41596.40034209848,-4.371288169792772,4.357886111559041,2.069492802684013,0.0,0,0
231,186,1608793484.31806,VEHICLE,1352,False,2018.7463671770372,41593.92086542176,-4.324463004149444,4.155887693156282,2.0475905553683202,0.0,0,0
232,186,1608793484.31806,VEHICLE,1353,False,2023.9838245708472,41595.23491104212,-4.485348895102193,4.376944373358634,2.124172685993582,0.0,0,0
233,187,1608793484.971217,VEHICLE,1353,False,2023.1718326338496,41594.34141324957,-4.488537356127308,4.281423775286264,2.0895052316159695,0.0,-132.26389959049652,-2.308440529381344
234,187,1608793484.971217,VEHICLE,1362,False,2018.8674151192595,41594.03244449384,-4.446379301694327,4.369756728005757,2.0619921768689236,0.0,0,0
235,188,1608793485.519871,VEHICLE,1353,False,2022.101969697956,41593.13674949408,-4.548328435125773,4.200296068691431,2.1246168166596098,0.0,-131.60830782881095,-2.296998294590981
236,188,1608793485.519871,VEHICLE,1362,False,2018.6839575946308,41593.92295244247,-4.481645823301232,4.4605308747085255,2.107989095382277,0.0,-149.170187940786,-2.603510925385456
237,188,1608793485.519871,VEHICLE,1371,False,2018.6899814287342,41593.84946029285,-4.411810386353043,4.464795851526881,2.07546609306205,0.0,0,0
238,188,1608793485.519871,VEHICLE,1372,False,2022.0229863918075,41593.07381113755,-4.605636175997715,4.2254969405304275,2.1340961625859447,0.0,0,0
239,189,1608793486.118058,VEHICLE,1353,False,2021.1696880535517,41592.011493134945,-4.709776555935275,4.302459290392812,2.0585686879927465,0.0,-129.64195208855955,-2.2626789126581035
240,189,1608793486.118058,VEHICLE,1371,False,2018.6683019291518,41593.78237294992,-4.5789871566011495,4.7712087212039735,2.1203161279199487,0.0,-107.9084124680495,-1.8833570881675643
241,189,1608793486.118058,VEHICLE,1373,False,2018.6018330659642,41593.693949411456,-4.584520438068048,4.771208758516716,2.120317005656656,0.0,0,0
242,189,1608793486.118058,VEHICLE,1374,False,2021.0307388070482,41591.81842297758,-4.710482061323198,4.302458325097657,2.0536323827749134,0.0,0,0
243,189,1608793486.118058,VEHICLE,1383,False,2018.5349120469818,41593.595068811075,-4.580930860540548,4.77047247739092,2.1178570672082,0.0,0,0
244,189,1608793486.118058,VEHICLE,1384,False,2021.032425567249,41591.82908358168,-4.710209728441715,4.302144633478266,2.0557016910600696,0.0,0,0
245,190,1608793486.618163,VEHICLE,1353,False,2020.2292254914469,41591.062704313714,-4.483294679075922,4.299841423308116,2.077698756635452,0.0,-134.7474891786935,-2.3517873449636317
246,190,1608793486.618163,VEHICLE,1371,False,2018.5706284505236,41593.688384981804,-4.508258475665265,4.854235439527487,2.114454673586338,0.0,-136.10162048727202,-2.375421394802666
247,190,1608793486.618163,VEHICLE,1387,False,2018.511553446312,41593.61575737559,-4.503640413371491,4.854235439527487,2.1144551502533955,0.0,0,0
248,190,1608793486.618163,VEHICLE,1388,False,2020.1729194524496,41590.98996210153,-4.480553617188248,4.29984285459694,2.077698756635452,0.0,0,0
249,191,1608793487.27142,VEHICLE,1391,False,2019.320102137638,41589.906836072034,-4.586925676930837,4.207000922466884,2.10315652287528,0.0,0,0
250,191,1608793487.27142,VEHICLE,1393,False,2018.5527274398364,41593.73139935589,-4.4699931961610435,4.529369555673371,2.080969262479903,0.0,0,0
251,191,1608793487.27142,VEHICLE,1394,False,2019.227765626902,41589.82301396909,-4.603583062090065,4.20699996921439,2.103156746742574,0.0,0,0
252,191,1608793487.27142,VEHICLE,1395,False,2018.5471041539774,41593.719686861135,-4.4702472984545265,4.53556956772538,2.080969262479903,0.0,0,0
253,192,1608793487.868874,VEHICLE,1402,False,2018.1213534512187,41588.90663328162,-4.501108866479865,4.161812407015196,2.045023047404803,0.0,0,0
254,192,1608793487.868874,VEHICLE,1407,False,2018.6977092893378,41593.82923122101,-4.439491664213231,4.740523211646055,2.043183759303566,0.0,0,0
255,193,1608793488.467565,VEHICLE,1402,False,2016.5899327242396,41588.12459216476,-4.475471983086739,4.259578137780623,2.043765866269563,0.0,-152.9482443675248,-2.66945044935818
256,193,1608793488.467565,VEHICLE,1415,False,2018.6084819302328,41593.727477171065,-4.465550577821807,4.780415938930824,2.0922894991768093,0.0,0,0
257,194,1608793489.07189,VEHICLE,1419,False,2018.6577477077376,41593.755538076504,-4.462067716428537,4.6557018297511386,2.0863994698545976,0.0,0,0
258,194,1608793489.07189,VEHICLE,1424,False,2015.234304403879,41587.521114033305,-4.434858151160778,4.341899890886019,2.0233673873683102,0.0,0,0
259,194,1608793489.07189,VEHICLE,1425,False,2018.4782733269033,41593.54915135537,-4.465667128771278,4.655702345490537,2.0863994698545976,0.0,0,0
260,194,1608793489.07189,VEHICLE,1426,False,2015.0723340607542,41587.335687421146,-4.443864105285061,4.341899785364323,2.0306391189687765,0.0,0,0
261,194,1608793489.07189,VEHICLE,1427,False,2018.332229299854,41593.45534235304,-4.419014126835719,4.702514196459867,2.084671175528321,0.0,0,0
262,194,1608793489.07189,VEHICLE,1428,False,2015.0699783490245,41587.3686553521,-4.490827156696018,4.28046546530304,2.0205899518825152,0.0,0,0
263,194,1608793489.07189,VEHICLE,1429,False,2018.332229299854,41593.45534235304,-4.419014126835719,4.702514196459867,2.084671175528321,0.0,0,0
264,194,1608793489.07189,VEHICLE,1430,False,2014.9979758003983,41587.23515633822,-4.4524483042533145,4.341899785364323,2.0306391189687765,0.0,0,0
265,194,1608793489.07189,VEHICLE,1431,False,2018.255994037108,41593.35579956736,-4.427903039698079,4.704568696892883,2.08244286458837,0.0,0,0
266,194,1608793489.07189,VEHICLE,1432,False,2014.9861278093726,41587.26309162428,-4.499372623114021,4.28209263332703,2.0212923402093033,0.0,0,0
267,195,1608793489.667446,VEHICLE,1426,False,2013.7588948307034,41587.10473459826,-4.509167214247924,4.370862821399243,2.057399244745364,0.0,-170.02716149319158,-2.9675337858763116
268,195,1608793489.667446,VEHICLE,1440,False,2018.6525489155442,41593.780882290484,-4.413166937087175,4.636775872686773,2.043767284867297,0.0,0,0
269,196,1608793490.269656,VEHICLE,1426,False,2012.4067663691485,41586.51596041195,-4.588160732596659,4.205229521739231,2.002984986516498,0.0,-156.46964438201505,-2.7309104738908108
270,196,1608793490.269656,VEHICLE,1440,False,2018.6397638461722,41593.66258408058,-4.395898876459097,4.594826192883822,2.0557157745460013,0.0,-96.16829542151282,-1.678453391135987
271,197,1608793490.868266,VEHICLE,1426,False,2011.1529803723342,41585.44101063845,-4.534174176603757,4.4124402678471295,2.0878751929784927,0.0,-139.39143365996594,-2.4328394664416555
272,197,1608793490.868266,VEHICLE,1440,False,2018.9075738319145,41593.900134569296,-4.465114930204308,4.699863902521804,2.0217971166650357,0.0,41.57338863898648,0.7255925129615183
273,197,1608793490.868266,VEHICLE,1449,False,2011.030104776348,41585.29876048496,-4.530275935673426,4.4124410358806205,2.0877506862450237,0.0,0,0
274,197,1608793490.868266,VEHICLE,1450,False,2018.788588096256,41593.79352852873,-4.4629444108609855,4.69986393022013,2.0217973546761474,0.0,0,0
275,197,1608793490.868266,VEHICLE,1451,False,2018.4686963611252,41593.38192736376,-4.415173738403402,4.621875548027117,2.076059321234413,0.0,0,0
276,197,1608793490.868266,VEHICLE,1452,False,2018.4686963611252,41593.38192736376,-4.415173738403402,4.621875548027117,2.076059321234413,0.0,0,0
277,197,1608793490.868266,VEHICLE,1453,False,2010.8475198979766,41585.08892039631,-4.525014215531832,4.414128597731637,2.089932992580346,0.0,0,0
278,197,1608793490.868266,VEHICLE,1454,False,2018.3912114766704,41593.28411816,-4.413351441511604,4.621875548027117,2.076059321234413,0.0,0,0
279,197,1608793490.868266,VEHICLE,1455,False,2010.7974840827355,41585.09486039154,-4.5383990851160085,4.4989479560793395,2.0732581435277484,0.0,0,0
280,197,1608793490.868266,VEHICLE,1456,False,2010.7295890561895,41584.99327811033,-4.539305717129556,4.4989479560793395,2.0732581435277484,0.0,0,0
281,197,1608793490.868266,VEHICLE,1457,False,2010.7295890561895,41584.99327811033,-4.539305717129556,4.4989479560793395,2.0732581435277484,0.0,0,0
282,197,1608793490.868266,VEHICLE,1458,False,2018.543175247519,41593.49786053325,-4.45572434814724,4.701140778105481,2.0218544948590935,0.0,0,0
283,197,1608793490.868266,VEHICLE,1459,False,2010.7295890561895,41584.99327811033,-4.539305717129556,4.4989479560793395,2.0732581435277484,0.0,0,0
284,197,1608793490.868266,VEHICLE,1460,False,2018.4679935409824,41593.40339927017,-4.455219496769493,4.701140778105481,2.0218544948590935,0.0,0,0
285,198,1608793491.469247,VEHICLE,1461,False,2009.9943569499032,41584.37033392067,-4.607586620185961,4.4892786757478795,2.0480371808734223,0.0,0,0
286,198,1608793491.469247,VEHICLE,1465,False,2018.574477618241,41593.52359477648,-4.510668260136362,4.734337919353776,2.0105848699167286,0.0,0,0
287,198,1608793491.469247,VEHICLE,1467,False,2009.8021717215734,41584.16323520441,-4.613791604427698,4.488227884860746,2.047949540960374,0.0,0,0
288,198,1608793491.469247,VEHICLE,1468,False,2018.4752708112399,41593.4128741037,-4.522185246636922,4.737314775202101,2.0143005672677674,0.0,0,0
289,199,1608793491.96972,VEHICLE,1461,False,2009.1782391207391,41583.29421028499,-4.604978801380737,4.576906706689685,2.1152403891239286,0.0,-127.17619528452997,-2.2196433378743348
290,199,1608793491.96972,VEHICLE,1469,False,2009.1867812847615,41583.2942035088,-4.605187481310482,4.576906722418208,2.1152403891239286,0.0,0,0
291,199,1608793491.96972,VEHICLE,1470,False,2018.667323501575,41593.53732797517,-4.456143134248096,4.748915262934008,2.0065198276013017,0.0,0,0
292,199,1608793491.96972,VEHICLE,1471,False,2018.593095553976,41593.43756180877,-4.457792965791999,4.748915760170301,2.0065202833811884,0.0,0,0
293,199,1608793491.96972,VEHICLE,1472,False,2009.1584449688958,41583.26299308539,-4.583602252399384,4.497559994160382,2.0930695139694797,0.0,0,0
294,199,1608793491.96972,VEHICLE,1473,False,2018.5924794164787,41593.43365870646,-4.457919930719652,4.748915739314872,2.0065198276013017,0.0,0,0
295,199,1608793491.96972,VEHICLE,1474,False,2009.1013357506572,41583.17768177575,-4.599892394120626,4.577065168671369,2.1152403733670035,0.0,0,0
296,199,1608793491.96972,VEHICLE,1475,False,2018.6174987904735,41593.46885549123,-4.459508766041503,4.753124843139988,2.0080232216536196,0.0,0,0
297,199,1608793491.96972,VEHICLE,1476,False,2009.1422987476035,41583.23958306066,-4.584066011295256,4.497559994160382,2.0930697522880677,0.0,0,0
298,199,1608793491.96972,VEHICLE,1477,False,2018.6174987904735,41593.46885549123,-4.459508766041503,4.753124843139988,2.0080232216536196,0.0,0,0
299,200,1608793492.518271,VEHICLE,1481,False,2018.543149175669,41593.45141996265,-4.411519649647853,4.602683216378422,2.019142520127826,0.0,0,0
300,200,1608793492.518271,VEHICLE,1482,False,2018.543149175669,41593.45141996265,-4.411519649647853,4.602683216378422,2.019142520127826,0.0,0,0
301,200,1608793492.518271,VEHICLE,1483,False,2018.543149175669,41593.45141996265,-4.411519649647853,4.602683216378422,2.019142520127826,0.0,0,0
302,201,1608793493.06909,VEHICLE,1485,False,2018.6441961893438,41593.604860514155,-4.5443384296074285,4.515981091808251,2.050311522135037,0.0,0,0
303,201,1608793493.06909,VEHICLE,1486,False,2018.5828725764363,41593.56574066687,-4.601316540257111,4.664169213248365,2.0322937998442514,0.0,0,0
304,201,1608793493.06909,VEHICLE,1487,False,2018.5006494119743,41593.46300618821,-4.61744260953332,4.664169213248365,2.0322937998442514,0.0,0,0
305,202,1608793493.618389,VEHICLE,1487,False,2018.6894468540272,41593.49940596176,-4.687368827392615,4.413452804877084,2.0499999173503016,0.0,10.912616538982503,0.1904610886128328
